,mean,std,rms,peak,crest_factor
mean,1.0,-0.30131573610958234,-0.5670375279775651,-0.18438184915519204,-0.13736435654607573
std,-0.30131573610958234,1.0,0.9520143126683871,0.7556897955404582,0.6320162888052118
rms,-0.5670375279775651,0.9520143126683871,1.0,0.6812199277915953,0.5504331319384402
peak,-0.18438184915519204,0.7556897955404582,0.6812199277915953,1.0,0.9819806971529965
crest_factor,-0.13736435654607573,0.6320162888052118,0.5504331319384402,0.9819806971529965,1.0
