,mean,std,rms,peak,crest_factor
count,2156.0,2156.0,2156.0,2156.0,2156.0
mean,-0.11428344776670213,0.09922705223148913,0.1516269340535903,1.1266915584415584,7.266902061754532
std,0.005855543960713466,0.014613599807123701,0.012798160291340113,0.6416410782245273,3.5268495249934535
min,-0.12920564575195312,0.07887492234629376,0.11934000384336338,0.544,4.166108579143755
25%,-0.11623263702392578,0.09316087992052159,0.14837167362899992,0.774,5.291466616919257
50%,-0.11578513488769532,0.09426617188755836,0.14937427505332512,0.867,5.867047494021708
75%,-0.11531870117187498,0.10138119797614521,0.15462062774340657,1.128,7.283346464258683
max,-0.08441500854492187,0.31165389390097337,0.3232273594314221,5.0,29.091840205717983
